cve_id,commit_hash,repo_url,repo_name,cvss_score,cwe_id,published_date,cvss3_base_severity,epss_score
CVE-2009-5145,2abdf14620f146857dc8e3ffd2b6a754884c331d,https://github.com/zopefoundation/Zope,zopefoundation/Zope,6.1,CWE-79,2017-08-07T17:29Z,MEDIUM,0.02055
CVE-2011-2765,554e095a62c4412c91f981e72fd34a936ac2bf1e,https://github.com/irmen/Pyro3,irmen/Pyro3,7.5,CWE-59,2018-08-20T13:29Z,HIGH,0.02188
CVE-2011-3211,46795ae451ca6ede55a0edeb726978aef4684b53,https://github.com/solj/bcfg2,solj/bcfg2,0.0,CWE-20,2011-09-16T12:35Z,,0.04798
CVE-2011-3211,f4a35efec1b6a1e54d61cf1b8bfc83dd1d89eef7,https://github.com/solj/bcfg2,solj/bcfg2,0.0,CWE-20,2011-09-16T12:35Z,,0.04798
CVE-2011-4312,7a0a9d94555502278534dedcf2d75e9fccce8c3d,https://github.com/reviewboard/reviewboard,reviewboard/reviewboard,0.0,CWE-79,2011-11-24T04:01Z,,0.02252
CVE-2011-4596,ad3241929ea00569c74505ed002208ce360c667e,https://github.com/openstack/nova,openstack/nova,0.0,CWE-22,2011-12-23T22:55Z,,0.01941
CVE-2012-2101,1f644d210557b1254f7c7b39424b09a45329ade7,https://github.com/openstack/nova,openstack/nova,0.0,CWE-264,2012-06-07T19:55Z,,0.0148
CVE-2012-2144,041b1c44c7d6cf5429505067c32f8f35166a8bab,https://github.com/openstack/horizon,openstack/horizon,0.0,NVD-CWE-Other,2012-06-05T22:55Z,,0.0211
CVE-2012-2395,6d9167e5da44eca56bdf42b5776097a6779aaadf,https://github.com/cobbler/cobbler,cobbler/cobbler,0.0,NVD-CWE-Other,2012-06-16T00:55Z,,0.05555
CVE-2012-2417,9f912f13df99ad3421eff360d6a62d7dbec755c2,https://github.com/Legrandin/pycrypto,Legrandin/pycrypto,0.0,CWE-310,2012-06-17T03:41Z,,0.02727
CVE-2012-2654,ff06c7c885dc94ed7c828e8cdbb8b5d850a7e654,https://github.com/openstack/nova,openstack/nova,0.0,CWE-20,2012-06-21T15:55Z,,0.02626
CVE-2012-3360,2427d4a99bed35baefd8f17ba422cb7aae8dcca7,https://github.com/openstack/nova,openstack/nova,0.0,CWE-22,2012-07-22T16:55Z,,0.02997
CVE-2012-3361,2427d4a99bed35baefd8f17ba422cb7aae8dcca7,https://github.com/openstack/nova,openstack/nova,0.0,CWE-264,2012-07-22T16:55Z,,0.02582
CVE-2012-3366,a524967e8d5c4c22e49cd619aed20c87a316c0be,https://github.com/Bcfg2/bcfg2,Bcfg2/bcfg2,0.0,CWE-78,2012-07-03T16:40Z,,0.0382
CVE-2012-3371,034762e8060dcf0a11cb039b9d426b0d0bb1801d,https://github.com/openstack/nova,openstack/nova,0.0,CWE-20,2012-07-17T21:55Z,,0.01846
CVE-2012-3426,375838cfceb88cacc312ff6564e64eb18ee6a355,https://github.com/openstack/keystone,openstack/keystone,0.0,CWE-264,2012-07-31T10:45Z,,0.02266
CVE-2012-3426,628149b3dc6b58b91fd08e6ca8d91c728ccb8626,https://github.com/openstack/keystone,openstack/keystone,0.0,CWE-264,2012-07-31T10:45Z,,0.02266
CVE-2012-3426,a67b24878a6156eab17b9098fa649f0279256f5d,https://github.com/openstack/keystone,openstack/keystone,0.0,CWE-264,2012-07-31T10:45Z,,0.02266
CVE-2012-3447,ce4b2e27be45a85b310237615c47eb53f37bb5f3,https://github.com/openstack/nova,openstack/nova,0.0,CWE-264,2012-08-20T18:55Z,,0.01933
CVE-2012-3458,91becae76101cf87ce8cbfabe3af2622fc328fe5,https://github.com/bbangert/beaker,bbangert/beaker,0.0,CWE-310,2012-09-15T17:55Z,,0.02447
CVE-2012-3542,c13d0ba606f7b2bdc609a7f388334e5efec3f3aa,https://github.com/openstack/keystone,openstack/keystone,0.0,CWE-264,2012-09-05T23:55Z,,0.0248
CVE-2012-4406,e1ff51c04554d51616d2845f92ab726cb0e5831a,https://github.com/openstack/swift,openstack/swift,0.0,CWE-94,2012-10-22T23:55Z,,0.06518
CVE-2012-4456,1d146f5c32e58a73a677d308370f147a3271c2cb,https://github.com/openstack/keystone,openstack/keystone,0.0,CWE-287,2012-10-09T15:55Z,,0.03965
CVE-2012-4456,868054992faa45d6f42d822bf1588cb88d7c9ccb,https://github.com/openstack/keystone,openstack/keystone,0.0,CWE-287,2012-10-09T15:55Z,,0.03965
CVE-2012-4457,4ebfdfaf23c6da8e3c182bf3ec2cb2b7132ef685,https://github.com/openstack/keystone,openstack/keystone,0.0,CWE-287,2012-10-09T15:55Z,,0.02267
CVE-2012-4520,9305c0e12d43c4df999c3301a1f0c742264a657e,https://github.com/django/django,django/django,0.0,CWE-20,2012-11-18T23:55Z,,0.03635
CVE-2012-4573,6ab0992e5472ae3f9bef0d2ced41030655d9d2bc,https://github.com/openstack/glance,openstack/glance,0.0,CWE-264,2012-11-11T13:00Z,,0.03318
CVE-2012-5482,b591304b8980d8aca8fa6cda9ea1621aca000c88,https://github.com/openstack/glance,openstack/glance,0.0,CWE-264,2012-11-11T13:00Z,,0.02722
CVE-2012-5563,38c7e46a640a94da4da89a39a5a1ea9c081f1eb5,https://github.com/openstack/keystone,openstack/keystone,0.0,CWE-255,2012-12-18T01:55Z,,0.0284
CVE-2012-5571,9d68b40cb9ea818c48152e6c712ff41586ad9653,https://github.com/openstack/keystone,openstack/keystone,0.0,CWE-255,2012-12-18T01:55Z,,0.02038
CVE-2012-5625,9d2ea970422591f8cdc394001be9a2deca499a5f,https://github.com/openstack/nova,openstack/nova,0.0,CWE-200,2012-12-26T22:55Z,,0.01994
CVE-2012-5642,83109bce144f443a48ef31165a5389b7b83f4e0e,https://github.com/fail2ban/fail2ban,fail2ban/fail2ban,0.0,NVD-CWE-noinfo,2012-12-31T11:50Z,,0.03123
CVE-2013-0212,e96273112b5b5da58d970796b7cfce04c5030a89,https://github.com/openstack/glance,openstack/glance,0.0,CWE-200,2013-02-24T21:55Z,,0.02965
CVE-2013-0270,7691276b869a86c2b75631d5bede9f61e030d9d8,https://github.com/openstack/keystone,openstack/keystone,0.0,CWE-119,2013-04-12T22:55Z,,0.03067
CVE-2013-0294,38f74b36814ca5b1a27d9898141126af4953bee5,https://github.com/wichert/pyrad,pyradius/pyrad,5.9,CWE-330,2020-01-28T16:15Z,MEDIUM,0.02833
CVE-2013-0342,38f74b36814ca5b1a27d9898141126af4953bee5,https://github.com/pyradius/pyrad,pyradius/pyrad,4.3,CWE-20,2019-12-09T21:15Z,MEDIUM,0.01543
CVE-2013-1445,19dcf7b15d61b7dc1a125a367151de40df6ef175,https://github.com/dlitz/pycrypto,pycrypto/pycrypto,0.0,CWE-310,2013-10-26T17:55Z,,0.02007
CVE-2013-1630,ffadb0bcdef1e385884571670210cfd6ba351784,https://github.com/mardiros/pyshop,mardiros/pyshop,0.0,CWE-20,2013-08-06T02:52Z,,0.02083
CVE-2013-2012,ad09ee27d402be797b3456abff6edeb4291edfec,https://github.com/wting/autojump,wting/autojump,7.3,CWE-269,2019-10-31T20:15Z,HIGH,0.00413
CVE-2013-2012,c763b2afadb188ab52849c21d43d2e8fe5b8800a,https://github.com/wting/autojump,wting/autojump,7.3,CWE-269,2019-10-31T20:15Z,HIGH,0.00413
CVE-2013-2132,a060c15ef87e0f0e72974c7c0e57fe811bbd06a2,https://github.com/mongodb/mongo-python-driver,mongodb/mongo-python-driver,0.0,NVD-CWE-Other,2013-08-15T17:55Z,,0.02633
CVE-2013-2209,4aaacbb1e628a80803ba1a55703db38fccdf7dbf,https://github.com/reviewboard/reviewboard,reviewboard/reviewboard,0.0,CWE-79,2013-07-31T13:20Z,,0.02164
CVE-2013-4249,cbe6d5568f4f5053ed7228ca3c3d0cce77cf9560,https://github.com/django/django,django/django,0.0,CWE-79,2013-10-04T17:55Z,,0.0288
CVE-2013-4251,bd296e0336420b840fcd2faabb97084fd252a973,https://github.com/scipy/scipy,scipy/scipy,7.8,CWE-269,2019-11-04T20:15Z,HIGH,0.00427
CVE-2013-4509,6aae0a9f145f536515e268dd6b25aa740a5edfe7,https://github.com/ibus/ibus-anthy,ibus/ibus-anthy,0.0,CWE-255,2013-11-23T19:55Z,,0.00341
CVE-2013-6044,ae3535169af804352517b7fea94a42a1c9c4b762,https://github.com/django/django,django/django,0.0,CWE-79,2013-10-04T17:55Z,,0.02297
CVE-2013-7176,eb2f0c927257120dfc32d2450fd63f1962f38821,https://github.com/fail2ban/fail2ban,fail2ban/fail2ban,0.0,CWE-20,2014-02-01T15:55Z,,0.03235
CVE-2013-7177,bd175f026737d66e7110868fb50b3760ff75e087,https://github.com/fail2ban/fail2ban,fail2ban/fail2ban,0.0,CWE-20,2014-02-01T15:55Z,,0.03235
CVE-2013-7416,2817869f98c54975f31e2dd674c1aefa70749cca,https://github.com/themoken/canto-curses,themoken/canto-curses,0.0,CWE-77,2014-12-03T21:59Z,,0.02846
CVE-2013-7459,8dbe0dc3eea5c689d4f76b37b93fe216cf1f00d4,https://github.com/dlitz/pycrypto,pycrypto/pycrypto,9.8,CWE-119,2017-02-15T15:59Z,CRITICAL,0.09501
CVE-2014-0012,acb672b6a179567632e032f547582f30fa2f4aa7,https://github.com/mitsuhiko/jinja2,pallets/jinja,0.0,CWE-264,2014-05-19T14:55Z,,0.0043
CVE-2014-0593,10d5bddcea29f74a175f7f550924bf6407e52e93,https://github.com/openSUSE/obs-service-set_version,openSUSE/obs-service-set_version,9.8,CWE-20,2018-06-08T17:29Z,CRITICAL,0.01869
CVE-2014-1604,fc9bbcd25b0b4f09bbd6339f710ad24c129d5d7c,https://github.com/alex/rply,alex/rply,0.0,NVD-CWE-Other,2014-01-28T00:55Z,,0.00351
CVE-2014-1858,0bb46c1448b0d3f5453d5182a17ea7ac5854ee15,https://github.com/numpy/numpy,numpy/numpy,5.5,CWE-20,2018-01-08T19:29Z,MEDIUM,0.00447
CVE-2014-1859,0bb46c1448b0d3f5453d5182a17ea7ac5854ee15,https://github.com/numpy/numpy,numpy/numpy,5.5,CWE-59,2018-01-08T19:29Z,MEDIUM,0.00471
CVE-2014-1932,4e9f367dfd3f04c8f5d23f7f759ec12782e10ee7,https://github.com/python-imaging/Pillow,python-pillow/Pillow,0.0,CWE-59,2014-04-17T14:55Z,,0.00492
CVE-2014-1933,4e9f367dfd3f04c8f5d23f7f759ec12782e10ee7,https://github.com/python-imaging/Pillow,python-pillow/Pillow,0.0,CWE-264,2014-04-17T14:55Z,,0.00448
CVE-2014-2235,876e3662ff6b78cc6241338c15e3a0cb49edf4e2,https://github.com/ASKBOT/askbot-devel,ASKBOT/askbot-devel,0.0,CWE-79,2014-03-05T16:37Z,,0.01925
CVE-2014-2236,876e3662ff6b78cc6241338c15e3a0cb49edf4e2,https://github.com/ASKBOT/askbot-devel,ASKBOT/askbot-devel,0.0,CWE-79,2014-03-05T16:37Z,,0.02095
CVE-2014-2236,a676a86b6b7a5737d4da4f59f71e037406f88d29,https://github.com/ASKBOT/askbot-devel,ASKBOT/askbot-devel,0.0,CWE-79,2014-03-05T16:37Z,,0.02095
CVE-2014-2260,3270fd1d78391bb847b4c9ce37cf921f485b1310,https://github.com/Eugeny/ajenti,Eugeny/ajenti,0.0,CWE-79,2014-04-30T23:58Z,,0.01487
CVE-2014-3498,8ed6350e65c82292a631f08845dfaacffe7f07f5,https://github.com/ansible/ansible,ansible/ansible,8.8,CWE-20,2017-06-08T18:29Z,HIGH,0.02498
CVE-2014-3589,205e056f8f9b06ed7b925cf8aa0874bc4aaf8a7d,https://github.com/python-pillow/Pillow,python-pillow/Pillow,0.0,CWE-20,2014-08-25T14:55Z,,0.03587
CVE-2014-3840,398c480c10416d76e7c1dcb607e726e8fc988e72,https://github.com/mayan-edms/mayan-edms,mayan-edms/Mayan-EDMS,0.0,CWE-79,2014-05-27T13:55Z,,0.03476
CVE-2014-3994,50000d0bbb983fa8c097b588d06b64df8df483bd,https://github.com/djblets/djblets,djblets/djblets,0.0,CWE-79,2014-06-16T18:55Z,,0.02392
CVE-2014-3994,77a68c03cd619a0996f3f37337b8c39ca6643d6e,https://github.com/djblets/djblets,djblets/djblets,0.0,CWE-79,2014-06-16T18:55Z,,0.02392
CVE-2014-3994,e2c79117efd925636acd871a5f473512602243cf,https://github.com/djblets/djblets,djblets/djblets,0.0,CWE-79,2014-06-16T18:55Z,,0.02392
CVE-2014-3995,50000d0bbb983fa8c097b588d06b64df8df483bd,https://github.com/djblets/djblets,djblets/djblets,0.0,CWE-79,2014-06-16T18:55Z,,0.02083
CVE-2014-3995,77ac64642ad530bf69e390c51fc6fdcb8914c8e7,https://github.com/djblets/djblets,djblets/djblets,0.0,CWE-79,2014-06-16T18:55Z,,0.02083
CVE-2014-3995,e2c79117efd925636acd871a5f473512602243cf,https://github.com/djblets/djblets,djblets/djblets,0.0,CWE-79,2014-06-16T18:55Z,,0.02083
CVE-2014-4301,d3fc5eb142ff16d55d158afb050af18d5ff09120,https://github.com/Eugeny/ajenti,Eugeny/ajenti,0.0,CWE-79,2014-06-18T14:55Z,,0.02282
CVE-2014-4678,5429b85b9f6c2e640074176f36ff05fd5e4d1916,https://github.com/ansible/ansible,ansible/ansible,9.8,CWE-74,2020-02-20T03:15Z,CRITICAL,0.05197
CVE-2014-9720,1c36307463b1e8affae100bf9386948e6c1b2308,https://github.com/tornadoweb/tornado,tornadoweb/tornado,6.5,CWE-203,2020-01-24T18:15Z,MEDIUM,0.02489
CVE-2015-1326,4e7d0df909338eb3c44b083722c7bf8b76bdf940,https://github.com/martinpitt/python-dbusmock,martinpitt/python-dbusmock,8.8,CWE-20,2019-04-22T16:29Z,HIGH,0.01815
CVE-2015-1838,e11298d7155e9982749483ca5538e46090caef9c,https://github.com/saltstack/salt,saltstack/salt,5.3,CWE-19,2017-04-13T14:59Z,MEDIUM,0.00428
CVE-2015-1839,22d2f7a1ec93300c34e8c42d14ec39d51e610b5c,https://github.com/saltstack/salt,saltstack/salt,5.3,CWE-19,2017-04-13T14:59Z,MEDIUM,0.00426
CVE-2015-1839,b49d0d4b5ca5c6f31f03e2caf97cef1088eeed81,https://github.com/saltstack/salt,saltstack/salt,5.3,CWE-19,2017-04-13T14:59Z,MEDIUM,0.00426
CVE-2015-2286,a1ffcc52594b1e7240501aab0ea145f1da3edb5a,https://github.com/edx/edx-platform,edx/edx-platform,6.5,CWE-200,2016-03-19T10:59Z,MEDIUM,0.02047
CVE-2015-3010,eee56770393bf19ed2dd5389226c6190c08dee3f,https://github.com/ceph/ceph-deploy,ceph/ceph-deploy,0.0,CWE-200,2015-06-16T16:59Z,,0.00376
CVE-2015-3171,d7759d3ddae5fe99a340c88a1d370d65cfa73fd6,https://github.com/sosreport/sos,sosreport/sos,5.5,CWE-200,2017-07-25T18:29Z,MEDIUM,0.00342
CVE-2015-3220,aca8d4f898b436ff6754e1a9ab96cae976c8a853,https://github.com/trevp/tlslite,trevp/tlslite,7.5,CWE-119,2017-06-13T16:29Z,HIGH,0.03204
CVE-2015-4082,78f9ad1faba7193ca7f0acccbc13b1ff6ebf9072,https://github.com/jborg/attic,jborg/attic,6.5,CWE-264,2017-08-18T16:29Z,MEDIUM,0.02466
CVE-2015-5081,f77cbc607d6e2a62e63287d37ad320109a2cc78a,https://github.com/divio/django-cms,django-cms/django-cms,8.8,CWE-352,2017-08-18T18:29Z,HIGH,0.01036
CVE-2015-5159,f274aa6787cb8b3ec1cc12c440a56665b7231882,https://github.com/latchset/kdcproxy,latchset/kdcproxy,7.5,CWE-20,2018-10-30T18:29Z,HIGH,0.02174
CVE-2015-5263,b542d7465f7e6e02e1ea1aec059ac607a65cefe7,https://github.com/pulp/pulp,pulp/pulp,8.1,CWE-295,2017-09-25T21:29Z,HIGH,0.00866
CVE-2015-6240,952166f48eb0f5797b75b160fd156bbe1e8fc647,https://github.com/ansible/ansible,ansible/ansible,7.8,CWE-59,2017-06-07T20:29Z,HIGH,0.00443
CVE-2015-6240,ca2f2c4ebd7b5e097eab0a710f79c1f63badf95b,https://github.com/ansible/ansible,ansible/ansible,7.8,CWE-59,2017-06-07T20:29Z,HIGH,0.00443
CVE-2015-6918,28aa9b105804ff433d8f663b2f9b804f2b75495a,https://github.com/saltstack/salt,saltstack/salt,6.3,CWE-200,2017-10-10T16:29Z,MEDIUM,0.01227
CVE-2015-6941,c0689e32154c41f59840ae10ffc5fbfa30618710,https://github.com/twangboy/salt,twangboy/salt,9.8,CWE-534,2017-08-09T16:29Z,CRITICAL,0.0222
CVE-2015-6961,e31a099cb3456fef471886339653430ae59056b0,https://github.com/web2py/web2py,web2py/web2py,6.1,CWE-601,2017-10-18T20:29Z,MEDIUM,0.01009
CVE-2015-7315,e1d981bfa14b664317285f0f36498f4be4a23406,https://github.com/zopefoundation/Products.CMFCore,zopefoundation/Products.CMFCore,5.9,CWE-284,2017-09-25T17:29Z,MEDIUM,0.02004
CVE-2015-7316,3da710a2cd68587f0bf34f2e7ea1167d6eeee087,https://github.com/plone/Products.CMFPlone,plone/Products.CMFPlone,6.1,CWE-79,2017-09-25T17:29Z,MEDIUM,0.01221
CVE-2015-8213,316bc3fc9437c5960c24baceb93c73f1939711e4,https://github.com/django/django,django/django,0.0,CWE-200,2015-12-07T20:59Z,,0.04284
CVE-2015-8309,62dec34a1ea0741400dd6b6c660d303dcd651e86,https://github.com/devsnd/cherrymusic,devsnd/cherrymusic,4.3,CWE-22,2017-03-27T15:59Z,MEDIUM,0.06665
CVE-2015-8310,62dec34a1ea0741400dd6b6c660d303dcd651e86,https://github.com/devsnd/cherrymusic,devsnd/cherrymusic,5.4,CWE-79,2017-03-27T15:59Z,MEDIUM,0.00847
CVE-2015-8747,bcaf452e516c02c9bed584a73736431c5e8831f1,https://github.com/Unrud/Radicale,Unrud/Radicale,10.0,CWE-20,2016-02-03T18:59Z,CRITICAL,0.02945
CVE-2015-8748,4bfe7c9f7991d534c8b9fbe153af9d341f925f98,https://github.com/Unrud/Radicale,Unrud/Radicale,5.3,CWE-264,2016-02-03T18:59Z,MEDIUM,0.02219
CVE-2016-0720,b9e7f061788c3b86a0c67d2d4158f067ec5eb625,https://github.com/ClusterLabs/pcs,ClusterLabs/pcs,8.8,CWE-352,2017-04-21T15:59Z,HIGH,0.01412
CVE-2016-0721,acdbbe8307e6f4a36b2c7754765e732e43fe8d17,https://github.com/ClusterLabs/pcs,ClusterLabs/pcs,8.1,CWE-384,2017-04-21T15:59Z,HIGH,0.02294
CVE-2016-0721,bc6ad9086857559db57f4e3e6de66762291c0774,https://github.com/ClusterLabs/pcs,ClusterLabs/pcs,8.1,CWE-384,2017-04-21T15:59Z,HIGH,0.02294
CVE-2016-0721,e9b28833d54a47ec441f6dbad0db96e1fc662a5b,https://github.com/ClusterLabs/pcs,ClusterLabs/pcs,8.1,CWE-384,2017-04-21T15:59Z,HIGH,0.02294
CVE-2016-0775,893a40850c2d5da41537958e40569c029a6e127b,https://github.com/python-pillow/Pillow,python-pillow/Pillow,6.5,CWE-119,2016-04-13T16:59Z,MEDIUM,0.02689
CVE-2016-1000003,2e227f6023477cbdbefd577f15d0846aa40c8775,https://github.com/fedora-infra/mirrormanager2,fedora-infra/mirrormanager2,9.8,CWE-94,2016-10-07T18:59Z,CRITICAL,0.03378
CVE-2016-1000003,eb9b542bc818071b9eee41c3583b7e6e172b3a53,https://github.com/fedora-infra/mirrormanager2,fedora-infra/mirrormanager2,9.8,CWE-94,2016-10-07T18:59Z,CRITICAL,0.03378
CVE-2016-10127,6e09a25d9b4b7aa7a506853210a9a14100b8bc9b,https://github.com/rohe/pysaml2,IdentityPython/pysaml2,9.0,CWE-611,2017-03-03T15:59Z,CRITICAL,0.02133
CVE-2016-10149,6e09a25d9b4b7aa7a506853210a9a14100b8bc9b,https://github.com/rohe/pysaml2,IdentityPython/pysaml2,7.5,CWE-611,2017-03-24T14:59Z,HIGH,0.0386
CVE-2016-10187,3a89718664cb8cce0449d1758eee585ed0d0433c,https://github.com/kovidgoyal/calibre,kovidgoyal/calibre,5.5,CWE-264,2017-03-16T15:59Z,MEDIUM,0.02793
CVE-2016-10321,944d8bd8f3c5cf8ae296fc03d149056c65358426,https://github.com/web2py/web2py,web2py/web2py,9.8,CWE-254,2017-04-10T14:59Z,CRITICAL,0.02587
CVE-2016-10745,9b53045c34e61013dc8f09b7e52a555fa16bed16,https://github.com/pallets/jinja,pallets/jinja,8.6,CWE-134,2019-04-08T13:29Z,HIGH,0.03492
CVE-2016-10766,d54f79f5bf3e1af17063937df1abc0026843412d,https://github.com/edx/edx-platform,edx/edx-platform,8.8,CWE-352,2019-07-29T17:15Z,HIGH,0.00604
CVE-2016-1505,b4b3d51f33c7623d312f289252dd7bbb8f58bbe6,https://github.com/Unrud/Radicale,Unrud/Radicale,10.0,CWE-21,2016-02-03T18:59Z,CRITICAL,0.02592
CVE-2016-2512,c5544d289233f501917e25970c03ed444abbd4f0,https://github.com/django/django,django/django,7.4,CWE-79,2016-04-08T15:59Z,HIGH,0.04035
CVE-2016-2513,67b46ba7016da2d259c1ecc7d666d11f5e1cfaab,https://github.com/django/django,django/django,3.1,CWE-200,2016-04-08T15:59Z,LOW,0.03317
CVE-2016-2533,ae453aa18b66af54e7ff716f4ccb33adca60afd4,https://github.com/python-pillow/Pillow,python-pillow/Pillow,6.5,CWE-119,2016-04-13T16:59Z,MEDIUM,0.03998
CVE-2016-3952,9706d125b42481178d2b423de245f5d2faadbf40,https://github.com/web2py/web2py,web2py/web2py,7.8,CWE-255,2018-02-06T18:29Z,HIGH,0.01058
CVE-2016-4009,4e0d9b0b9740d258ade40cce248c93777362ac1e,https://github.com/python-pillow/Pillow,python-pillow/Pillow,9.8,CWE-119,2016-04-13T16:59Z,CRITICAL,0.07871
CVE-2016-4444,5cd60033ea7f5bdf8c19c27b23ea2d773d9b09f5,https://github.com/fedora-selinux/setroubleshoot,fedora-selinux/setroubleshoot,7.0,CWE-77,2017-04-11T18:59Z,HIGH,0.00474
CVE-2016-4445,2d12677629ca319310f6263688bb1b7f676c01b7,https://github.com/fedora-selinux/setroubleshoot,fedora-selinux/setroubleshoot,7.0,CWE-77,2017-04-11T18:59Z,HIGH,0.00474
CVE-2016-6298,eb5be5bd94c8cae1d7f3ba9801377084d8e5a7ba,https://github.com/latchset/jwcrypto,latchset/jwcrypto,5.3,CWE-200,2016-09-01T23:59Z,MEDIUM,0.02226
CVE-2016-6639,e2db3ccd4812e0c0aba20720fc51789d981aba67,https://github.com/cloudfoundry/php-buildpack,cloudfoundry/php-buildpack,7.5,CWE-254,2016-09-18T02:59Z,HIGH,0.01704
CVE-2016-6902,a686f71732a3d0f16df52ef46ab8a49ee0083c68,https://github.com/ghantoos/lshell,ghantoos/lshell,9.9,CWE-264,2017-04-24T19:59Z,CRITICAL,0.05081
CVE-2016-6903,e72dfcd1f258193f9aaea3591ecbdaed207661a0,https://github.com/ghantoos/lshell,ghantoos/lshell,9.9,CWE-264,2017-04-24T19:59Z,CRITICAL,0.04939
CVE-2016-9243,b924696b2e8731f39696584d12cceeb3aeb2d874,https://github.com/pyca/cryptography,pyca/cryptography,7.5,CWE-20,2017-03-27T17:59Z,HIGH,0.03399
CVE-2016-9909,9b8d8eb5afbc066b7fac9390f5ec75e5e8a7cab7,https://github.com/html5lib/html5lib-python,html5lib/html5lib-python,6.1,CWE-79,2017-02-22T16:59Z,MEDIUM,0.02141
CVE-2016-9910,9b8d8eb5afbc066b7fac9390f5ec75e5e8a7cab7,https://github.com/html5lib/html5lib-python,html5lib/html5lib-python,6.1,CWE-79,2017-02-22T16:59Z,MEDIUM,0.02141
CVE-2016-9964,6d7e13da0f998820800ecb3fe9ccee4189aefb54,https://github.com/bottlepy/bottle,bottlepy/bottle,6.5,CWE-93,2016-12-16T09:59Z,MEDIUM,0.01761
CVE-2017-0881,7ecda1ac8e26d8fb3725e954b2dc4723dda2255f,https://github.com/zulip/zulip,zulip/zulip,4.3,CWE-863,2017-03-28T02:59Z,MEDIUM,0.01103
CVE-2017-0896,1f48fa27672170bba3b9a97384905bb04c18761b,https://github.com/zulip/zulip,zulip/zulip,6.5,CWE-862,2017-06-02T17:29Z,MEDIUM,0.01278
CVE-2017-0906,049c74699ce93cf126feff06d632ea63fba36742,https://github.com/recurly/recurly-client-python,recurly/recurly-client-python,9.8,CWE-918,2017-11-13T17:29Z,CRITICAL,0.02594
CVE-2017-1002150,b27f38a67573f4c989710c9bfb726dd4c1eeb929,https://github.com/fedora-infra/python-fedora,fedora-infra/python-fedora,6.1,CWE-601,2017-09-14T13:29Z,MEDIUM,0.00809
CVE-2017-14695,80d90307b07b3703428ecbb7c8bb468e28a9ae6d,https://github.com/saltstack/salt,saltstack/salt,9.8,CWE-22,2017-10-24T17:29Z,CRITICAL,0.02568
CVE-2017-14696,5f8b5e1a0f23fe0f2be5b3c3e04199b57a53db5b,https://github.com/saltstack/salt,saltstack/salt,7.5,CWE-20,2017-10-24T17:29Z,HIGH,0.02739
CVE-2017-15111,07f26e213196936fb328ea0c1d5a66a09d8b5440,https://github.com/jdennis/keycloak-httpd-client-install,jdennis/keycloak-httpd-client-install,5.5,CWE-59,2018-01-20T00:29Z,MEDIUM,0.00386
CVE-2017-15112,c3121b271abaaa1a76de2b9ae89dacde0105cd75,https://github.com/jdennis/keycloak-httpd-client-install,jdennis/keycloak-httpd-client-install,7.8,CWE-200,2018-01-20T00:29Z,HIGH,0.00378
CVE-2017-16615,bc795757febdcce430d89f9d08f75c32d6989d3c,https://github.com/thanethomson/MLAlchemy,thanethomson/MLAlchemy,9.8,NVD-CWE-noinfo,2017-11-08T03:29Z,CRITICAL,0.03415
CVE-2017-16618,5d0575303f6df869a515ced4285f24ba721e0d4e,https://github.com/tadashi-aikawa/owlmixin,tadashi-aikawa/owlmixin,9.8,NVD-CWE-noinfo,2017-11-08T03:29Z,CRITICAL,0.04435
CVE-2017-16667,cef81d0da93ff601252607df3db1a48f7f6f01b3,https://github.com/bit-team/backintime,bit-team/backintime,7.8,CWE-78,2017-11-08T18:29Z,HIGH,0.01462
CVE-2017-16763,8cc86a5ec2327e070f1d576d61bbaadf861597ea,https://github.com/bbengfort/confire,bbengfort/confire,9.8,NVD-CWE-noinfo,2017-11-10T09:29Z,CRITICAL,0.04435
CVE-2017-16876,5f06d724bc05580e7f203db2d4a4905fc1127f98,https://github.com/lepture/mistune,lepture/mistune,6.1,CWE-79,2017-12-29T15:29Z,MEDIUM,0.02216
CVE-2017-17713,628149159ba25adbfc29a3ae1d4b10c7eb936dd3,https://github.com/boxug/trape,jofpin/trape,9.8,CWE-89,2017-12-16T20:29Z,CRITICAL,0.01972
CVE-2017-17714,628149159ba25adbfc29a3ae1d4b10c7eb936dd3,https://github.com/boxug/trape,jofpin/trape,6.1,CWE-79,2017-12-16T20:29Z,MEDIUM,0.01168
CVE-2017-2661,1874a769b5720ae5430f10c6cedd234430bc703f,https://github.com/ClusterLabs/pcs,ClusterLabs/pcs,6.1,CWE-79,2018-03-12T15:29Z,MEDIUM,0.01199
CVE-2017-2809,3f8f659ef443ab870bb19f95d43543470168ae04,https://github.com/tomoh1r/ansible-vault,tomoh1r/ansible-vault,7.8,CWE-94,2017-09-14T19:29Z,HIGH,0.02967
CVE-2017-5537,abe0d2a29a1d8e896bfe829c8461bf8b391f1079,https://github.com/WeblateOrg/weblate,WeblateOrg/weblate,5.3,CWE-200,2017-03-15T15:59Z,MEDIUM,0.02287
CVE-2017-5591,22664ee7b86c8e010f312b66d12590fb47160ad8,https://github.com/poezio/slixmpp,poezio/slixmpp,5.9,CWE-20,2017-02-09T20:59Z,MEDIUM,0.01263
CVE-2017-5934,70955a8eae091cc88fd9a6e510177e70289ec024,https://github.com/moinwiki/moin-1.9,moinwiki/moin-1.9,6.1,CWE-79,2018-10-15T19:29Z,MEDIUM,0.01924
CVE-2017-7266,3b4da13efabb05970c80f464a50d3c1c12262466,https://github.com/Netflix/security_monkey,Netflix/security_monkey,6.1,CWE-601,2017-03-26T05:59Z,MEDIUM,0.00957
CVE-2017-7481,ed56f51f185a1ffd7ea57130d260098686fcc7c2,https://github.com/ansible/ansible,ansible/ansible,9.8,CWE-20,2018-07-19T13:29Z,CRITICAL,0.04804
CVE-2017-7572,7f208dc547f569b689c888103e3b593a48cd1869,https://github.com/bit-team/backintime,bit-team/backintime,8.1,CWE-362,2017-04-06T18:59Z,HIGH,0.01083
CVE-2017-8342,059ba8dec1f22ccbeab837e288b3833a099cee2d,https://github.com/Kozea/Radicale,Kozea/Radicale,8.1,CWE-362,2017-04-30T15:59Z,HIGH,0.02016
CVE-2017-8342,190b1dd795f0c552a4992445a231da760211183b,https://github.com/Kozea/Radicale,Kozea/Radicale,8.1,CWE-362,2017-04-30T15:59Z,HIGH,0.02016
CVE-2018-1000070,3a8016d31f517775d226aa8b902480f4a3a148a9,https://github.com/Bitmessage/PyBitmessage,Bitmessage/PyBitmessage,8.8,CWE-94,2018-03-13T15:29Z,HIGH,0.02441
CVE-2018-1000089,1a6086f2b58478d71f89bf27eb034ed81aefe5ef,https://github.com/anymail/django-anymail,anymail/django-anymail,7.4,CWE-532,2018-03-13T15:29Z,HIGH,0.01243
CVE-2018-1000559,5a7869f2feaa346853d2a85413d6527c87ef0d9f,https://github.com/qutebrowser/qutebrowser,qutebrowser/qutebrowser,6.1,CWE-79,2018-06-26T16:29Z,MEDIUM,0.01483
CVE-2018-1000809,a3edc09beffa2104f357fe24971ea3211ce40751,https://github.com/privacyidea/privacyidea,privacyidea/privacyidea,7.5,CWE-20,2018-10-08T15:29Z,HIGH,0.01675
CVE-2018-10657,33f469ba19586bbafa0cf2c7d7c35463bdab87eb,https://github.com/matrix-org/synapse,matrix-org/synapse,7.5,CWE-20,2018-05-02T16:29Z,HIGH,0.0151
CVE-2018-10895,43e58ac865ff862c2008c510fc5f7627e10b4660,https://github.com/qutebrowser/qutebrowser,qutebrowser/qutebrowser,8.8,CWE-352,2018-07-12T12:29Z,HIGH,0.01187
CVE-2018-10897,6a8de061f8fdc885e74ebe8c94625bf53643b71c,https://github.com/rpm-software-management/yum-utils,rpm-software-management/yum-utils,8.1,CWE-22,2018-08-01T17:29Z,HIGH,0.0571
CVE-2018-10897,7554c0133eb830a71dc01846037cc047d0acbc2c,https://github.com/rpm-software-management/yum-utils,rpm-software-management/yum-utils,8.1,CWE-22,2018-08-01T17:29Z,HIGH,0.0571
CVE-2018-11757,891896f25c39bc336ef6dda53f80f466ac4ca3c8,https://github.com/apache/incubator-openwhisk-runtime-docker,apache/openwhisk-runtime-docker,9.8,NVD-CWE-noinfo,2018-07-23T17:29Z,CRITICAL,0.06895
CVE-2018-14650,72058f9253e7ed8c7243e2ff76a16d97b03d65ed,https://github.com/sosreport/sos-collector,sosreport/sos-collector,5.0,CWE-276,2018-09-27T20:29Z,MEDIUM,0.00429
CVE-2018-18074,c45d7c49ea75133e52ab22a8e9e13173938e36ff,https://github.com/requests/requests,psf/requests,7.5,CWE-522,2018-10-09T17:29Z,HIGH,0.07443
CVE-2018-19787,6be1d081b49c97cfd7b3fbd934a193b668629109,https://github.com/lxml/lxml,lxml/lxml,6.1,CWE-79,2018-12-02T10:29Z,MEDIUM,0.02438
CVE-2018-20406,a4ae828ee416a66d8c7bf5ee71d653c2cc6a26dd,https://github.com/python/cpython,python/cpython,7.5,CWE-190,2018-12-23T23:29Z,HIGH,0.05789
CVE-2018-20859,5b144559fbdba7ff673cc1c165aa2d343e07b6bd,https://github.com/edx/edx-platform,edx/edx-platform,6.1,CWE-79,2019-07-30T19:15Z,MEDIUM,0.01202
CVE-2018-20954,49b64f62ade9ade3dff9337c7bbc1171eab3d59e,https://github.com/mailpile/Mailpile,mailpile/Mailpile,7.5,CWE-287,2019-08-08T21:15Z,HIGH,0.01148
CVE-2018-6354,5f18eeaaa459bee9a58f70cdf7c46adb1ef34ea7,https://github.com/formspree/formspree,formspree/formspree,6.1,CWE-79,2018-01-27T15:29Z,MEDIUM,0.00749
CVE-2018-6596,c07998304b4a31df4c61deddcb03d3607a04691b,https://github.com/anymail/django-anymail,anymail/django-anymail,9.1,CWE-200,2018-02-03T21:29Z,CRITICAL,0.02609
CVE-2018-6596,db586ede1fbb41dce21310ea28ae15a1cf1286c5,https://github.com/anymail/django-anymail,anymail/django-anymail,9.1,CWE-200,2018-02-03T21:29Z,CRITICAL,0.02609
CVE-2018-7206,1845c0e4b1bff3462c91c3108c85205acd3c75a2,https://github.com/jupyterhub/oauthenticator,jupyterhub/oauthenticator,8.8,NVD-CWE-noinfo,2018-02-18T03:29Z,HIGH,0.01771
CVE-2018-7749,c161e26cdc0d41b745b63d9f17b437f073bf7ba4,https://github.com/ronf/asyncssh,ronf/asyncssh,9.8,CWE-287,2018-03-12T19:29Z,CRITICAL,0.01753
CVE-2018-7750,fa29bd8446c8eab237f5187d28787727b4610516,https://github.com/paramiko/paramiko,paramiko/paramiko,9.8,CWE-287,2018-03-13T18:29Z,CRITICAL,0.27065
CVE-2018-7753,c5df5789ec3471a31311f42c2d19fc2cf21b35ef,https://github.com/mozilla/bleach,mozilla/bleach,9.8,CWE-20,2018-03-07T23:29Z,CRITICAL,0.02195
CVE-2018-7889,aeb5b036a0bf657951756688b3c72bd68b6e4a7d,https://github.com/kovidgoyal/calibre,kovidgoyal/calibre,7.8,CWE-502,2018-03-08T21:29Z,HIGH,0.04593
CVE-2018-8097,f8f7019ffdf9b4e05faf95e1f04e204aa4c91f98,https://github.com/pyeve/eve,pyeve/eve,9.8,CWE-94,2018-03-14T12:29Z,CRITICAL,0.05651
CVE-2019-1010283,a28053045bd2e778c50ed1acaf4e52e1e34f6e34,https://github.com/univention/univention-corporate-server,univention/univention-corporate-server,7.5,CWE-200,2019-07-17T21:15Z,HIGH,0.01449
CVE-2019-10160,8d0ef0b5edeae52960c7ed05ae8a12388324f87e,https://github.com/python/cpython,python/cpython,9.8,CWE-255,2019-06-07T18:29Z,CRITICAL,0.05416
CVE-2019-10682,d8b4615f5fbfe3997d96cf4cb3e342406396193c,https://github.com/relekang/django-nopassword,relekang/django-nopassword,7.5,CWE-522,2020-03-18T15:15Z,HIGH,0.00953
CVE-2019-11340,4e1cfff53429c49c87d5c457a18ed435520044fc,https://github.com/matrix-org/sydent,matrix-org/sydent,5.9,CWE-20,2019-04-19T14:29Z,MEDIUM,0.01861
CVE-2019-12105,4e334d9cf2a1daff685893e35e72398437df3dcb,https://github.com/Supervisor/supervisor,Supervisor/supervisor,8.2,CWE-306,2019-09-10T17:15Z,HIGH,0.02283
CVE-2019-12387,6c61fc4503ae39ab8ecee52d10f10ee2c371d7e2,https://github.com/twisted/twisted,twisted/twisted,6.1,CWE-74,2019-06-10T12:29Z,MEDIUM,0.02523
CVE-2019-14751,f59d7ed8df2e0e957f7f247fe218032abdbe9a10,https://github.com/nltk/nltk,nltk/nltk,7.5,CWE-22,2019-08-22T16:15Z,HIGH,0.05831
CVE-2019-14806,00bc43b1672e662e5e3b8cecd79e67fc968fa246,https://github.com/pallets/werkzeug,pallets/werkzeug,7.5,CWE-331,2019-08-09T15:15Z,HIGH,0.02288
CVE-2019-15149,5924af1566763e48c42028399ea0cd95c457b3dc,https://github.com/dw/mitogen,mitogen-hq/mitogen,9.8,CWE-254,2019-08-18T20:15Z,CRITICAL,0.01632
CVE-2019-16056,8cb65d1381b027f0b09ee36bfed7f35bb4dec9a9,https://github.com/python/cpython,python/cpython,7.5,NVD-CWE-noinfo,2019-09-06T18:15Z,HIGH,0.05418
CVE-2019-16766,13b12995d35b566df08a17257a23863ab6efb0ca,https://github.com/labd/wagtail-2fa,labd/wagtail-2fa,8.8,NVD-CWE-noinfo,2019-11-29T17:15Z,HIGH,0.01162
CVE-2019-16766,a6711b29711729005770ff481b22675b35ff5c81,https://github.com/labd/wagtail-2fa,labd/wagtail-2fa,8.8,NVD-CWE-noinfo,2019-11-29T17:15Z,HIGH,0.01162
CVE-2019-16785,8eba394ad75deaf9e5cd15b78a3d16b12e6b0eba,https://github.com/Pylons/waitress,Pylons/waitress,7.5,CWE-444,2019-12-20T23:15Z,HIGH,0.02714
CVE-2019-16786,f11093a6b3240fc26830b6111e826128af7771c3,https://github.com/Pylons/waitress,Pylons/waitress,7.5,CWE-444,2019-12-20T23:15Z,HIGH,0.02545
CVE-2019-16789,11d9e138125ad46e951027184b13242a3c1de017,https://github.com/Pylons/waitress,Pylons/waitress,8.2,CWE-444,2019-12-26T17:15Z,HIGH,0.02587
CVE-2019-16792,575994cd42e83fd772a5f7ec98b2c56751bd3f65,https://github.com/Pylons/waitress,Pylons/waitress,7.5,CWE-444,2020-01-22T19:15Z,HIGH,0.02122
CVE-2019-18933,0c2cc41d2e40807baa5ee2c72987ebfb64ea2eb6,https://github.com/zulip/zulip,zulip/zulip,9.8,NVD-CWE-noinfo,2019-11-21T23:15Z,CRITICAL,0.01352
CVE-2019-19010,3848ae78de45b35c029cc333963d436b9d2f0a35,https://github.com/ProgVal/Limnoria,ProgVal/Limnoria,9.8,CWE-94,2019-11-16T01:15Z,CRITICAL,0.0171
CVE-2019-19274,a4d78362397fc3bced6ea80fbc7b5f4827aec55e,https://github.com/python/cpython,python/cpython,7.5,CWE-125,2019-11-26T15:15Z,HIGH,0.03255
CVE-2019-19274,dcfcd146f8e6fc5c2fc16a4c192a0c5f5ca8c53c,https://github.com/python/cpython,python/cpython,7.5,CWE-125,2019-11-26T15:15Z,HIGH,0.03255
CVE-2019-19275,a4d78362397fc3bced6ea80fbc7b5f4827aec55e,https://github.com/python/cpython,python/cpython,7.5,CWE-125,2019-11-26T15:15Z,HIGH,0.03255
CVE-2019-19275,dcfcd146f8e6fc5c2fc16a4c192a0c5f5ca8c53c,https://github.com/python/cpython,python/cpython,7.5,CWE-125,2019-11-26T15:15Z,HIGH,0.03255
CVE-2019-20916,a4c735b14a62f9cb864533808ac63936704f2ace,https://github.com/gzpan123/pip,gzpan123/pip,7.5,CWE-22,2020-09-04T20:15Z,HIGH,0.03028
CVE-2020-10378,6a83e4324738bb0452fbe8074a995b1c73f08de7,https://github.com/python-pillow/Pillow,python-pillow/Pillow,5.5,CWE-125,2020-06-25T19:15Z,MEDIUM,0.01105
CVE-2020-10379,46f4a349b88915787fea3fb91348bb1665831bbb,https://github.com/python-pillow/Pillow,python-pillow/Pillow,7.8,CWE-120,2020-06-25T19:15Z,HIGH,0.01129
CVE-2020-11001,61045ceefea114c40ac4b680af58990dbe732389,https://github.com/wagtail/wagtail,wagtail/wagtail,6.8,CWE-79,2020-04-14T23:15Z,MEDIUM,0.01273
CVE-2020-11010,91c364053e0ddf77edc5442914c6f049512678b3,https://github.com/tortoise/tortoise-orm,tortoise/tortoise-orm,8.8,CWE-89,2020-04-20T22:15Z,HIGH,0.01038
CVE-2020-11014,ea3912c3d508ba81b280ef7d78648464f7f76fb8,https://github.com/simpleledger/Electron-Cash-SLP,simpleledger/Electron-Cash-SLP,8.6,NVD-CWE-noinfo,2020-04-28T20:15Z,HIGH,0.01569
CVE-2020-11054,021ab572a319ca3db5907a33a59774f502b3b975,https://github.com/qutebrowser/qutebrowser,qutebrowser/qutebrowser,3.5,CWE-684,2020-05-07T21:15Z,LOW,0.01282
CVE-2020-11054,1b7946ed14b386a24db050f2d6dba81ba6518755,https://github.com/qutebrowser/qutebrowser,qutebrowser/qutebrowser,3.5,CWE-684,2020-05-07T21:15Z,LOW,0.01282
CVE-2020-11075,e41786901f097fd32104447a45864073105d37db,https://github.com/anchore/anchore-engine,anchore/anchore-engine,9.9,NVD-CWE-Other,2020-05-27T22:15Z,CRITICAL,0.01836
CVE-2020-11078,a1457cc31f3206cf691d11d2bf34e98865873e9e,https://github.com/httplib2/httplib2,httplib2/httplib2,6.8,CWE-93,2020-05-20T16:15Z,MEDIUM,0.02593
CVE-2020-11093,55056f22c83b7c3520488b615e1577e0f895d75a,https://github.com/hyperledger/indy-node,hyperledger/indy-node,7.5,CWE-347,2020-12-24T20:15Z,HIGH,0.00933
CVE-2020-11932,7db70650feaf513d7fb6f1ca07f2d670a0890613,https://github.com/CanonicalLtd/subiquity,canonical/subiquity,2.3,CWE-532,2020-05-13T01:15Z,LOW,0.00592
CVE-2020-12607,4a16daeaf139be20654ef58a9fe4c79dc030458c,https://github.com/AntonKueltz/fastecdsa,AntonKueltz/fastecdsa,7.5,CWE-347,2020-06-02T21:15Z,HIGH,0.01268
CVE-2020-12607,7b64e3efaa806b4daaf73bb5172af3581812f8de,https://github.com/AntonKueltz/fastecdsa,AntonKueltz/fastecdsa,7.5,CWE-347,2020-06-02T21:15Z,HIGH,0.01268
CVE-2020-12607,e592f106edd5acf6dacedfab2ad16fe6c735c9d1,https://github.com/AntonKueltz/fastecdsa,AntonKueltz/fastecdsa,7.5,CWE-347,2020-06-02T21:15Z,HIGH,0.01268
CVE-2020-12889,3ccde66dab4096ab5663e69f352992cc73e1160b,https://github.com/MISP/MISP-maltego,MISP/MISP-maltego,9.8,NVD-CWE-noinfo,2020-05-15T18:15Z,CRITICAL,0.0123
CVE-2020-15093,2977188139d065ff3356c3cb4aec60c582b57e0e,https://github.com/theupdateframework/tuf,theupdateframework/tuf,8.6,CWE-347,2020-07-09T19:15Z,HIGH,0.01357
CVE-2020-15100,18bbf2043e53f69e0119d24f8ae4edb274afb9b2,https://github.com/schokokeksorg/freewvs,schokokeksorg/freewvs,3.3,CWE-400,2020-07-14T20:15Z,LOW,0.00324
CVE-2020-15101,83a6b55c0435c69f447488b791555e6078803143,https://github.com/schokokeksorg/freewvs,schokokeksorg/freewvs,3.3,CWE-400,2020-07-14T22:15Z,LOW,0.00597
CVE-2020-15105,454fd9842fa6e8bb772dbf0943976bc8e3335359,https://github.com/Bouke/django-two-factor-auth,Bouke/django-two-factor-auth,5.4,CWE-312,2020-07-10T21:15Z,MEDIUM,0.00579
CVE-2020-15110,3dfe870a7f5e98e2e398b01996ca6b8eff4bb1d0,https://github.com/jupyterhub/kubespawner,jupyterhub/kubespawner,8.1,CWE-863,2020-07-17T21:15Z,HIGH,0.00889
CVE-2020-15118,d9a41e7f24d08c024acc9a3094940199df94db34,https://github.com/wagtail/wagtail,wagtail/wagtail,5.4,CWE-79,2020-07-20T18:15Z,MEDIUM,0.01083
CVE-2020-15120,8d77cf5d5646e1d2d8ded13f0660638f57e98471,https://github.com/spiral-project/ihatemoney,spiral-project/ihatemoney,4.9,CWE-863,2020-07-27T18:15Z,MEDIUM,0.01029
CVE-2020-15141,3e7dfae5d0b3685abf1ede1bc6c086a116ac4746,https://github.com/triaxtec/openapi-python-client,openapi-generators/openapi-python-client,4.1,CWE-22,2020-08-14T17:15Z,MEDIUM,0.00944
CVE-2020-15142,f7a56aae32cba823a77a84a1f10400799b19c19a,https://github.com/triaxtec/openapi-python-client,openapi-generators/openapi-python-client,9.0,CWE-94,2020-08-14T17:15Z,CRITICAL,0.0158
CVE-2020-15163,3d342e648fbacdf43a13d7ba8886aaaf07334af7,https://github.com/theupdateframework/tuf,theupdateframework/tuf,8.2,CWE-863,2020-09-09T18:15Z,HIGH,0.00553
CVE-2020-15172,6b9f3b862e1f0a5429c62f3090f814e53a242347,https://github.com/zephyrkul/FluffyCogs,zephyrkul/FluffyCogs,8.8,CWE-502,2020-09-15T19:15Z,HIGH,0.01825
CVE-2020-15225,340cf7a23a2b3dcd7183f6a0d6c383e85b130d2b,https://github.com/carltongibson/django-filter,carltongibson/django-filter,6.5,CWE-681,2021-04-29T21:15Z,MEDIUM,0.01797
CVE-2020-15235,f3dc89b9f6ab1544a289b3efc06699b13d63e0bd,https://github.com/ractf/core,ractf/core,7.5,CWE-200,2020-10-05T16:15Z,HIGH,0.01019
CVE-2020-15239,82056540191e89f0cd697c81f57714c00962ed75,https://github.com/horazont/xmpp-http-upload,horazont/xmpp-http-upload,3.5,CWE-22,2020-10-06T19:15Z,LOW,0.01489
CVE-2020-15271,72fe36b784b234548d49dae60b840c37f0eb8d84,https://github.com/d0c-s4vage/lookatme,d0c-s4vage/lookatme,8.8,CWE-78,2020-10-26T18:15Z,HIGH,0.0198
CVE-2020-15275,31de9139d0aabc171e94032168399b4a0b2a88a2,https://github.com/moinwiki/moin-1.9,moinwiki/moin-1.9,5.4,CWE-79,2020-11-11T16:15Z,MEDIUM,0.01725
CVE-2020-15278,726bfd38adfdfaef760412a68e01447b470f438b,https://github.com/Cog-Creators/Red-DiscordBot,Cog-Creators/Red-DiscordBot,7.5,CWE-863,2020-10-28T17:15Z,HIGH,0.01065
CVE-2020-25646,233d1afc296f6770e905a1785ee2f35af7605e43,https://github.com/ansible-collections/community.crypto,ansible-collections/community.crypto,7.5,CWE-116,2020-10-29T20:15Z,HIGH,0.01385
CVE-2020-26137,1dd69c5c5982fae7c87a620d487c2ebf7a6b436b,https://github.com/urllib3/urllib3,urllib3/urllib3,6.5,CWE-74,2020-09-30T18:15Z,MEDIUM,0.02269
CVE-2020-26205,145bb72daf8460bdedbbc9fb708d346283e7a568,https://github.com/salopensource/sal,salopensource/sal,5.4,CWE-79,2020-10-29T20:15Z,MEDIUM,0.00665
CVE-2020-26214,2bfa31779a4c9df2fa68fa4d0c5c909698c5ef65,https://github.com/alerta/alerta,alerta/alerta,9.8,CWE-287,2020-11-06T18:15Z,CRITICAL,0.65933
CVE-2020-26232,3d83e49090289c431da253e2bdb8dc479cbcb157,https://github.com/jupyter-server/jupyter_server,jupyter-server/jupyter_server,5.4,CWE-601,2020-11-24T21:15Z,MEDIUM,0.00823
CVE-2020-26236,a603769010abf8c1bede91af46e4945314e4aa4a,https://github.com/ScratchVerifier/ScratchVerifier,ScratchVerifier/ScratchVerifier,7.5,CWE-287,2020-11-20T18:15Z,HIGH,0.00936
CVE-2020-26244,62f8d753fa17c8b1f29f8be639cf0b33afb02498,https://github.com/OpenIDC/pyoidc,OpenIDC/pyoidc,6.8,CWE-347,2020-12-02T20:15Z,MEDIUM,0.00815
CVE-2020-26250,a4aac191c16cf6281f3d346615aefa75702b02d7,https://github.com/jupyterhub/oauthenticator,jupyterhub/oauthenticator,6.3,CWE-863,2020-12-01T21:15Z,MEDIUM,0.01108
CVE-2020-26251,952269269f1b629fce9c94485f83ac13f31d6c46,https://github.com/open-zaak/open-zaak,open-zaak/open-zaak,4.7,CWE-346,2020-12-18T18:15Z,MEDIUM,0.00447
CVE-2020-26257,3ce2f303f15f6ac3dc352298972dc6e04d9b7a8b,https://github.com/matrix-org/synapse,matrix-org/synapse,6.5,CWE-400,2020-12-09T19:15Z,MEDIUM,0.02363
CVE-2020-26261,a4d08fd2ade1cfd0ef2c29dc221e649345f23580,https://github.com/jupyterhub/systemdspawner,jupyterhub/systemdspawner,7.9,CWE-668,2020-12-09T17:15Z,HIGH,0.00471
CVE-2020-26263,c28d6d387bba59d8bd5cb3ba15edc42edf54b368,https://github.com/tlsfuzzer/tlslite-ng,tlsfuzzer/tlslite-ng,7.5,CWE-326,2020-12-21T17:15Z,HIGH,0.01276
CVE-2020-26275,85e4abccf6ea9321d29153f73b0bd72ccb3a6bca,https://github.com/jupyter-server/jupyter_server,jupyter-server/jupyter_server,6.1,CWE-601,2020-12-21T18:15Z,MEDIUM,0.01351
CVE-2020-26759,3e990547e064b8fca916b23a0f7d6fe8c63c7f6b,https://github.com/mymarilyn/clickhouse-driver,mymarilyn/clickhouse-driver,9.8,CWE-120,2021-01-06T13:15Z,CRITICAL,0.02556
CVE-2020-26759,d708ed548e1d6f254ba81a21de8ba543a53b5598,https://github.com/mymarilyn/clickhouse-driver,mymarilyn/clickhouse-driver,9.8,CWE-120,2021-01-06T13:15Z,CRITICAL,0.02556
CVE-2020-27619,2ef5caa58febc8968e670e39e3d37cf8eef3cab8,https://github.com/python/cpython,python/cpython,9.8,NVD-CWE-noinfo,2020-10-22T03:16Z,CRITICAL,0.08413
CVE-2020-35605,82c137878c2b99100a3cdc1c0f0efea069313901,https://github.com/kovidgoyal/kitty,kovidgoyal/kitty,9.8,NVD-CWE-Other,2020-12-21T20:15Z,CRITICAL,0.03608
CVE-2020-36324,4b7e1d6a3a52ec6cf826a971135a38b0f74785d2,https://github.com/wikimedia/analytics-quarry-web,wikimedia/analytics-quarry-web,6.1,CWE-79,2021-04-21T20:15Z,MEDIUM,0.00626
CVE-2020-5224,f0c4077e7d1436ba6d721af85cee89222ca5d2d9,https://github.com/jazzband/django-user-sessions,jazzband/django-user-sessions,8.8,CWE-326,2020-01-24T20:15Z,HIGH,0.00439
CVE-2020-5227,f57a01b20fa4aaaeccfa417f28e66b4084b9d0cf,https://github.com/lkiesow/python-feedgen,lkiesow/python-feedgen,7.5,CWE-776,2020-01-28T23:15Z,HIGH,0.01635
CVE-2020-5236,6e46f9e3f014d64dd7d1e258eaf626e39870ee1f,https://github.com/Pylons/waitress,Pylons/waitress,6.5,CWE-400,2020-02-04T03:15Z,MEDIUM,0.0262
CVE-2020-5240,ac23550d33b7436e90e3beea904647907eba5b74,https://github.com/labd/wagtail-2fa,labd/wagtail-2fa,8.5,CWE-863,2020-03-13T22:15Z,HIGH,0.00805
CVE-2020-5390,5e9d5acbcd8ae45c4e736ac521fd2df5b1c62e25,https://github.com/IdentityPython/pysaml2,IdentityPython/pysaml2,7.5,CWE-347,2020-01-13T19:15Z,HIGH,0.01207
CVE-2020-5390,f27c7e7a7010f83380566a219fd6a290a00f2b6e,https://github.com/IdentityPython/pysaml2,IdentityPython/pysaml2,7.5,CWE-347,2020-01-13T19:15Z,HIGH,0.01207
CVE-2020-7212,a74c9cfbaed9f811e7563cfc3dce894928e0221a,https://github.com/urllib3/urllib3,urllib3/urllib3,7.5,CWE-400,2020-03-06T20:15Z,HIGH,0.03288
CVE-2020-7471,eb31d845323618d688ad429479c6dda973056136,https://github.com/django/django,django/django,9.8,CWE-89,2020-02-03T12:15Z,CRITICAL,0.65336
CVE-2020-7698,e8446605eb2424717418eae199ec7aad573da2d2,https://github.com/Gerapy/Gerapy,Gerapy/Gerapy,9.8,CWE-74,2020-07-29T13:15Z,CRITICAL,0.01694
CVE-2020-7964,233b8890c60fa6d90daf99e4d90fea85867732c3,https://github.com/mirumee/saleor,mirumee/saleor,5.3,CWE-200,2020-01-24T20:15Z,MEDIUM,0.01083
CVE-2020-8545,e808840f957c810b8e3944cba808716dc722581b,https://github.com/CIRCL/AIL-framework,CIRCL/AIL-framework,7.5,CWE-22,2020-02-03T16:15Z,HIGH,0.01319
CVE-2021-21236,cfc9175e590531d90384aa88845052de53d94bf3,https://github.com/Kozea/CairoSVG,Kozea/CairoSVG,5.5,CWE-400,2021-01-06T17:15Z,MEDIUM,0.01466
CVE-2021-21238,1d8fd268f5bf887480a403a7a5ef8f048157cc14,https://github.com/IdentityPython/pysaml2,IdentityPython/pysaml2,6.5,CWE-347,2021-01-21T15:15Z,MEDIUM,0.01078
CVE-2021-21239,46578df0695269a16f1c94171f1429873f90ed99,https://github.com/IdentityPython/pysaml2,IdentityPython/pysaml2,6.5,CWE-347,2021-01-21T15:15Z,MEDIUM,0.0118
CVE-2021-21240,bd9ee252c8f099608019709e22c0d705e98d26bc,https://github.com/httplib2/httplib2,httplib2/httplib2,7.5,CWE-400,2021-02-08T20:15Z,HIGH,0.03876
CVE-2021-21273,30fba6210834a4ecd91badf0c8f3eb278b72e746,https://github.com/matrix-org/synapse,matrix-org/synapse,6.1,CWE-601,2021-02-26T18:15Z,MEDIUM,0.01809
CVE-2021-21274,ff5c4da1289cb5e097902b3e55b771be342c29d6,https://github.com/matrix-org/synapse,matrix-org/synapse,6.5,CWE-400,2021-02-26T18:15Z,MEDIUM,0.02164
CVE-2021-21329,c57a4d186bfc586ad3edfe4dcba9f11efbf22f09,https://github.com/ractf/core,ractf/core,9.8,CWE-287,2021-03-08T18:15Z,CRITICAL,0.01461
CVE-2021-21329,cebb67bd16a8296121201805332365ffccb29638,https://github.com/ractf/core,ractf/core,9.8,CWE-287,2021-03-08T18:15Z,CRITICAL,0.01461
CVE-2021-21330,2545222a3853e31ace15d87ae0e2effb7da0c96b,https://github.com/aio-libs/aiohttp,aio-libs/aiohttp,6.1,CWE-601,2021-02-26T03:15Z,MEDIUM,0.01905
CVE-2021-21332,e54746bdf7d5c831eabe4dcea76a7626f1de73df,https://github.com/matrix-org/synapse,matrix-org/synapse,8.2,CWE-79,2021-03-26T20:15Z,HIGH,0.01221
CVE-2021-21333,e54746bdf7d5c831eabe4dcea76a7626f1de73df,https://github.com/matrix-org/synapse,matrix-org/synapse,6.1,CWE-74,2021-03-26T20:15Z,MEDIUM,0.01392
CVE-2021-21336,2dad81128250cb2e5d950cddc9d3c0314a80b4bb,https://github.com/zopefoundation/Products.PluggableAuthService,zopefoundation/Products.PluggableAuthService,6.5,CWE-200,2021-03-08T21:15Z,MEDIUM,0.01505
CVE-2021-21337,7eead067898852ebd3e0f143bc51295928528dfa,https://github.com/zopefoundation/Products.PluggableAuthService,zopefoundation/Products.PluggableAuthService,6.1,CWE-601,2021-03-08T21:15Z,MEDIUM,0.08443
CVE-2021-21354,6db74a4fcbff258c7cdf51a6ff0724fc10c485e5,https://github.com/mozilla/PollBot,mozilla/PollBot,6.1,CWE-601,2021-03-08T19:15Z,MEDIUM,0.01365
CVE-2021-21360,700319512b3615b3871a1f24e096cf66dc488c57,https://github.com/zopefoundation/Products.GenericSetup,zopefoundation/Products.GenericSetup,5.3,CWE-200,2021-03-09T01:15Z,MEDIUM,0.01525
CVE-2021-21371,f8c2095fd529e664e7fa25403a0a4a85bb3907d0,https://github.com/tenable/integration-jira-cloud,tenable/integration-jira-cloud,8.6,CWE-502,2021-03-10T22:15Z,HIGH,0.00452
CVE-2021-21376,952f8e5d28532fbb14fb665982211329d137908c,https://github.com/ome/omero-web,ome/omero-web,6.5,CWE-200,2021-03-23T16:15Z,MEDIUM,0.01457
CVE-2021-21377,952f8e5d28532fbb14fb665982211329d137908c,https://github.com/ome/omero-web,ome/omero-web,5.4,CWE-601,2021-03-23T16:15Z,MEDIUM,0.00826
CVE-2021-21386,a966e781499ff6fd4eea66876d7532301b13a382,https://github.com/dwisiswant0/apkleaks,dwisiswant0/apkleaks,9.8,CWE-78,2021-03-24T21:15Z,CRITICAL,0.02307
CVE-2021-21431,7c96d400358221e59135f0a0be0744f3fad73856,https://github.com/MirahezeBots/sopel-channelmgnt,MirahezeBots/sopel-channelmgnt,8.1,CWE-20,2021-04-09T16:15Z,HIGH,0.01072
CVE-2021-21433,26e2a084679679cccdeeabbb6889ce120eff7e50,https://github.com/DEMON1A/Discord-Recon,DEMON1A/Discord-Recon,8.8,CWE-94,2021-04-09T18:15Z,HIGH,0.0296
CVE-2021-25925,9f42426727e16609ad3d1337f6637588b8ed28e4,https://github.com/SiCKRAGE/SiCKRAGE,SiCKRAGE/SiCKRAGE,5.4,CWE-79,2021-04-12T14:15Z,MEDIUM,0.0066
CVE-2021-25926,9f42426727e16609ad3d1337f6637588b8ed28e4,https://github.com/SiCKRAGE/SiCKRAGE,SiCKRAGE/SiCKRAGE,6.1,CWE-79,2021-04-12T14:15Z,MEDIUM,0.0082
CVE-2021-27213,dbeb87afefdb63de2f4cff69b6f10c5965d14b54,https://github.com/cvandeplas/pystemon,cvandeplas/pystemon,9.8,CWE-502,2021-02-14T04:15Z,CRITICAL,0.02614
CVE-2021-27291,2e7e8c4a7b318f4032493773732754e418279a14,https://github.com/pygments/pygments,pygments/pygments,7.5,NVD-CWE-Other,2021-03-17T13:15Z,HIGH,0.03906
CVE-2021-27292,2e7e8c4a7b318f4032493773732754e418279a14,https://github.com/pygments/pygments,pygments/pygments,7.5,NVD-CWE-Other,2021-03-17T13:15Z,HIGH,0.03366
CVE-2021-28957,a5f9cb52079dc57477c460dbe6ba0f775e14a999,https://github.com/lxml/lxml,lxml/lxml,6.1,CWE-79,2021-03-21T05:15Z,MEDIUM,0.04002
CVE-2021-29421,3f38f73218e5e782fe411ccbb3b44a793c0b343a,https://github.com/pikepdf/pikepdf,pikepdf/pikepdf,7.5,CWE-611,2021-04-01T20:15Z,HIGH,0.01713
CVE-2021-29430,0523511d2fb40f2738f8a8549868f44b96e5dab7,https://github.com/matrix-org/sydent,matrix-org/sydent,7.5,CWE-20,2021-04-15T21:15Z,HIGH,0.01833
CVE-2021-29430,89071a1a754c69a50deac89e6bb74002d4cda19d,https://github.com/matrix-org/sydent,matrix-org/sydent,7.5,CWE-20,2021-04-15T21:15Z,HIGH,0.01833
CVE-2021-29430,f56eee315b6c44fdd9f6aa785cc2ec744a594428,https://github.com/matrix-org/sydent,matrix-org/sydent,7.5,CWE-20,2021-04-15T21:15Z,HIGH,0.01833
CVE-2021-29431,0f00412017f25619bc36c264b29ea96808bf310a,https://github.com/matrix-org/sydent,matrix-org/sydent,6.5,CWE-20,2021-04-15T21:15Z,MEDIUM,0.01194
CVE-2021-29431,3d531ed50d2fd41ac387f36d44d3fb2c62dd22d3,https://github.com/matrix-org/sydent,matrix-org/sydent,6.5,CWE-20,2021-04-15T21:15Z,MEDIUM,0.01194
CVE-2021-29431,8936925f561b0c352c2fa922d5097d7245aad00a,https://github.com/matrix-org/sydent,matrix-org/sydent,6.5,CWE-20,2021-04-15T21:15Z,MEDIUM,0.01194
CVE-2021-29431,9e573348d81df8191bbe8c266c01999c9d57cd5f,https://github.com/matrix-org/sydent,matrix-org/sydent,6.5,CWE-20,2021-04-15T21:15Z,MEDIUM,0.01194
CVE-2021-29432,4469d1d42b2b1612b70638224c07e19623039c42,https://github.com/matrix-org/sydent,matrix-org/sydent,5.7,CWE-20,2021-04-15T21:15Z,MEDIUM,0.00934
CVE-2021-29433,3175fd358ebc2c310eab7a3dbf296ce2bd54c1da,https://github.com/matrix-org/sydent,matrix-org/sydent,4.3,CWE-400,2021-04-15T18:15Z,MEDIUM,0.00927
CVE-2021-29471,03318a766cac9f8b053db2214d9c332a977d226c,https://github.com/matrix-org/synapse,matrix-org/synapse,5.3,CWE-400,2021-05-11T15:15Z,MEDIUM,0.01647
CVE-2021-29501,3d54ef9b52ce03f139b7d6c1cc38c375e65593fd,https://github.com/Dav-Git/Dav-Cogs,Dav-Git/Dav-Cogs,6.5,CWE-74,2021-05-10T17:15Z,MEDIUM,0.00889
CVE-2021-29502,c79dd2cc879989cf2018e76ba2aad0baef3b4ec8,https://github.com/retke/Laggrons-Dumb-Cogs,retke/Laggrons-Dumb-Cogs,6.5,CWE-74,2021-05-10T18:15Z,MEDIUM,0.00832
CVE-2021-29510,7e83fdd2563ffac081db7ecdf1affa65ef38c468,https://github.com/samuelcolvin/pydantic,samuelcolvin/pydantic,7.5,CWE-835,2021-05-13T19:15Z,HIGH,0.00967
CVE-2021-29621,780bd0e8fbf2d36ada52edb769477e0a4edae580,https://github.com/dpgaspar/Flask-AppBuilder,dpgaspar/Flask-AppBuilder,0.0,NVD-CWE-noinfo,2021-06-07T19:15Z,,0.03404
CVE-2021-31245,a01cbc8c3d3b8bb7720bf3ff234671b4c0e1859c,https://github.com/Ysurac/openmptcprouter-vps-admin,Ysurac/openmptcprouter-vps-admin,5.9,CWE-287,2021-05-06T13:15Z,MEDIUM,0.02087
CVE-2021-31800,49c643bf66620646884ed141c94e5fdd85bcdd2f,https://github.com/SecureAuthCorp/impacket,SecureAuthCorp/impacket,9.8,CWE-22,2021-05-05T11:15Z,CRITICAL,0.1926
CVE-2021-32633,1f8456bf1f908ea46012537d52bd7e752a532c91,https://github.com/zopefoundation/Zope,zopefoundation/Zope,8.8,CWE-22,2021-05-21T14:15Z,HIGH,0.01843
CVE-2021-32646,fbe2ae8ec851a2e9e3e2370db3b812f268e8c8cb,https://github.com/Dav-Git/Dav-Cogs,Dav-Git/Dav-Cogs,0.0,CWE-287,2021-05-28T18:15Z,,0.007
CVE-2021-32674,1d897910139e2c0b11984fc9b78c1da1365bec21,https://github.com/zopefoundation/Zope,zopefoundation/Zope,0.0,NVD-CWE-noinfo,2021-06-08T18:15Z,,0.01574
CVE-2021-33880,547a26b685d08cac0aa64e5e65f7867ac0ea9bc0,https://github.com/aaugustin/websockets,aaugustin/websockets,0.0,NVD-CWE-noinfo,2021-06-06T15:15Z,,0.02265
